path,count
lspattern\canvas.py,124
lspattern\tiling\template.py,73
lspattern\blocks\base.py,52
lspattern\accumulator.py,45
lspattern\tiling\base_test.py,41
lspattern\utils.py,27
lspattern\geom\tiler.py,21
lspattern\blocks\cubes\initialize.py,20
lspattern\blocks\pipes\memory.py,20
lspattern\blocks\cubes\memory.py,18
lspattern\tiling\visualize.py,17
lspattern\blocks\cubes\measure.py,13
lspattern\blocks\pipes\initialize.py,13
lspattern\tiling\base.py,12
lspattern\blocks\pipes\base.py,7
lspattern\geom\rhg_parity.py,6
tests\test_T39_memory.py,6
src\typing_extensions.py,5
lspattern\compile.py,4
lspattern\consts\consts.py,3
lspattern\blocks\pipes\__init__.py,1
lspattern\mytype.py,1
src\graphix_zx\graphix_zx\graphstate.py,1
